gene,log2FC
AAK1,21.982365
ABCF1,22.484945
ACIN1,22.226860000000002
ACLY,26.94126
AFF4,26.03635
AGFG1,25.58886
AHNAK,23.051645
AJUBA,
AKAP11,22.10032
AKAP9,
AKT1S1,22.492485
ALKBH5,24.966879999999996
ANKIB1,
APBA2,19.196435
ARHGAP12,23.35512
ARHGEF12,17.255380000000002
ARHGEF16,21.962415
ARHGEF17,25.28023
ARID5B,25.58166
ATP1B1,17.52362
ATRX,17.427275
ATXN2L,22.552275
BAD,25.934005
BAHD1,20.59556
BCL7C,16.561585
BOD1L1,22.983265
C18orf25,21.94765
C6orf132,21.628895
CABLES1,
CBX5,
CCNL1,18.715015
CDK13,23.83557
CDKN2AIP,20.72619
CEP170;PLIN5,26.383119999999998
CEP170B,21.509059999999998
CEP170,25.457715
CHAF1A,22.59237
CHD3,19.030935
CHD4,25.209875
CHEK1,21.80647
CNTLN,17.504855
CRK,23.436705
CTTN,
CUL4A,23.468255
DCK,19.726255000000002
DENND1B,20.44707
DENND4C,19.658805
DGCR14,
DGCR8,23.57669
DNAJC2,23.891015
EDC3,22.247605
EFS,26.120365
EHMT2,24.10834
EIF4EBP2,
EIF4ENIF1,11.538651999999999
EIF4G1,17.23605
EPN3,13.782023500000001
ERBB2IP,22.452135
EZH2,23.452840000000002
FAM117B,23.752205
FAM122A,21.827975
FAM63A,23.26541
FAM83H,22.001365
FAM91A1,20.100105
FBXO4,18.73684
FKBP15,22.38768
FOXK1,23.439500000000002
FOXO3,23.865915
FRYL,19.06703
GLCCI1,25.217835
GLYR1,23.729239999999997
GPATCH8,25.067615
GPBP1,20.94887
GRIPAP1,18.39958
GSK3B,22.89932
GTF2F1,26.612065
GTF3C1,24.853704999999998
GYS1,22.528185
HDAC1,23.444095
HDGFRP2,24.088659999999997
HEATR6,24.294655
HS1BP3,13.280459
IRS1,17.167205
ITPR3,23.18085
KAT6A,19.99504
KAT7,
KIAA1217,20.875405
KIF4A,24.624344999999998
KLC1,24.17558
KMT2E,22.878655
LARP1,21.399465
LATS1,24.109285
LIMCH1,21.32039
LRRFIP2,23.612985
MAF1,18.675114999999998
MAP3K5,16.78604
MAP3K7,24.285560000000004
MAPT,23.511335000000003
MCM2,21.361595
MEPCE,25.24974
MIER1,21.935385
MLLT4,
MLLT6,
MLPH,22.787535
MRGBP,21.799395
MTMR3,20.521205000000002
MYBBP1A,21.69546
MYC;MYCN,17.94811
MYH16,
MYO9B,24.048835
NCL,26.813855000000004
NCOA3,17.582915
NDRG1,20.570205
NDRG2,24.33589
NFATC2IP,21.28054
NFIC,20.119885
P01705,18.050755000000002
PANK2,23.707395
PANK4,24.99979
PARN,24.045855
PATL1,25.25438
PAWR,22.786375
PDCD4,24.083075
PEX19,22.607129999999998
PFKFB2,25.260075
PHF14,24.974155000000003
PHF8,20.695700000000002
PLEC,23.43338
PLEKHF2,26.569564999999997
PNISR,21.752935
POF1B,22.88136
POLA2,20.353115
PPFIA3,25.060065
PPHLN1,23.03702
PPIP5K2,22.80395
PREX1,21.489845
PRKAG2,17.051015
PROSER2,24.921385
Q8N9L7,
RAB11FIP4,22.106005
RANBP3,25.48382
RBM14,24.61875
RBM34,22.132945
RERE,20.1253
RICTOR,20.994045
RPS6KB1,
RPS6,22.413145
RRN3;RRN3P2,22.195394999999998
RRP1B,17.581815
S100A11,23.122955
SART1,25.651825
SEC14L1,16.175745
SETX,23.934495
SMC1A,23.47309
SORBS2,22.053905
SPAG9,24.417015
SRCIN1,24.157125
SRGAP3,22.82499
SRPK2,24.639895000000003
SRRM2,19.7821
STIP1,
SYNRG,27.37442
TBC1D4,20.667835
TBC1D5,21.232235
TDRD3,15.774165
TMF1,16.80987
TRPS1,21.743380000000002
TSC1,23.049575
ULK1,22.747935
URGCP,
USP43,22.648780000000002
USP53,17.872819999999997
VAPB,23.393895
WHSC1,20.8009
WIZ,22.840024999999997
WRNIP1,26.752115000000003
ZBTB21,24.249465
ZC3H13,21.155535
ZC3H4,25.566815
ZCCHC6,
ZFC3H1,
ZFYVE16,
ZNF185,20.721435
ZNF609,23.456
ZNF804B,21.86455
ZNRF2,24.375765
KHSRP,13.932882499999998
RPRD2,17.300745
TRIM28,22.38821
AP3B1,22.839345
BCAS1,26.70623
BCAS3,23.59301
C2CD5,23.755375
CDC25B,21.516235
DMTN,
DTL,
EIF4B,21.354455
EIF4EBP1,20.973480000000002
EMSY,24.317144999999996
EPS15L1,23.924509999999998
FAM53B,20.344739999999998
FOXP1,17.22329
GOLGA4,22.493865
GRB10,21.387885
GRHL1,21.300089999999997
GTF2I,22.37644
HN1L,
INCENP,16.893595
IRS2,
ITSN1,21.60829
IWS1,
KIF16B,23.25789
KIF22,19.234804999999998
LMNA,22.74834
LMNB1,
LPIN1,19.34124
LRRFIP1,19.833305000000003
MAP7,19.75158
MKI67,19.885550000000002
MKL2,24.227665000000002
MKNK2,22.76471
NRBP1,
PDS5B,22.705265
PNN,18.746385
POLDIP3,
PPP1R10,21.201169999999998
PPP1R13L,20.387124999999997
PRRC2A,25.22417
PRRC2B,22.753194999999998
PRRC2C,22.23312
PYGO2,17.58176
RAI14,18.504595000000002
RB1CC1,21.83233
RTF1,25.22967
SMARCC1,22.47482
SPICE1,18.663355
STAM,22.481445
THRAP3,21.585645
TOX4,
TPD52L2,20.63653
TSC2,23.90541
UBR5,26.478410000000004
UHRF1,20.65476
USP32,19.80744
WDR20,22.77435
ZCCHC8,
ZNF106,24.561235000000003
ARHGEF28,20.95199
CIZ1,
FAM163A,
GRB7,24.070205
MYO5B,22.859065
NOP56,
NUP214,
PACSIN3,17.531395
PLEKHG4B,
PPP1R2P3;PPP1R2,18.36833
RBL2,
RPTOR,18.98612
TK1,20.355555
TP53BP1,
BAIAP2L1,19.295325
UBAP2L,23.031595
EPN1,16.90931
AMOTL1,24.70415
FAM122B,
HOXC10,20.980295
RSL1D1,22.798915
TEX2,
COIL,17.10009
EIF3G,16.041405
MTMR2,19.2518
MYO18A,21.74182
NFIA,21.537495
RAB11FIP1,25.291705
TNKS1BP1,25.34458
BCAR1,26.53879
CENPF,19.515605
DUT,24.92847
MAP7D1,
MYH10,22.489620000000002
PITPNM3,15.560665
WNK1,21.58255
HTATSF1,21.962755
PTPN12,
AKT2,19.491225
ATF7,16.778325
BCOR,
CAMSAP3,17.345554999999997
CBX3,23.096835
CTNND1,22.511585
CTTNBP2NL,18.01067
EIF5B,22.0675
GATAD2A,
GIT1,20.419135
HMGA1,16.93524
HNRNPU,22.163335
KIAA0930,19.10908
KMT2C,
LASP1,25.297805
LIG3,24.45736
NELFA,20.990195
NUCKS1,22.682875
NUMA1,15.07556
NUP153,21.817155
PBK,23.61878
PHF10,
SCAF11,
SEC24D,16.188405
SIN3B,
SMC6,14.996717
SMNDC1,21.03795
SMURF1,22.06119
STMN1,26.331145
TLE3,21.684469999999997
TNK1,21.25771
TOM1,17.671165000000002
TTF1,19.54823
TTK,20.401495
VCPIP1,23.613045
ZC3HAV1,17.479465
CDC42EP3,16.491590000000002
CDCA5,18.67306
DOT1L,
GTSE1,17.0312
KHNYN,23.48923
KIF1A,23.243415
MARK2,19.968435
NUP98,22.599015
SASH1,23.055545000000002
SEC61B,21.383715000000002
SRSF7,
DSP,22.948895
SCAF1,21.75874
AHCTF1,21.241185
ATN1,
BTBD9,
C9orf172,21.012990000000002
CHCHD3,22.068075
CPSF3,19.38778
EIF6,13.241985
FBRSL1,21.022154999999998
FLNB,22.3258
FXR1,20.745025000000002
FXR2,24.6037
HNRNPA1;HNRNPA1L2,22.190469999999998
HNRNPA3,22.28906
HNRNPAB,20.08245
HNRNPUL1,
LEO1,20.11119
NAA10,21.728665
NEDD4L,20.46884
RIF1,18.968145
TRA2B;TRA2A,24.767674999999997
WDR13,25.207295000000002
ZCCHC17,23.499755
ABI1,25.44348
AP3D1,
APC,
ARFGEF2,24.777414999999998
BAP1,14.275635
CCDC9,23.230895
FAM83E,21.197689999999998
FNBP1,20.025765
FNBP4,12.464685
IRF2BP2,
JUNB,16.493920000000003
LUC7L3,14.9019255
MATR3,24.988065
MCM7,19.63222
NIFK,16.39649
P45983-5,
PCBP2,26.08639
PCM1,13.5964735
PHKB,
PPIE,
PPP1R12A;PPP1R12B,21.566940000000002
PURB,17.857335
RANBP2,21.207259999999998
RARG,22.290915000000002
SAP30,14.389228500000002
SEC22B,22.7419
SNX1,21.94602
SPECC1L,24.22363
TACC2,22.479945
TNRC18,20.73459
TPR,18.07339
TSC22D3,21.236665
ZNF768,20.893765000000002
AFAP1,22.561895
DDI2,
SERINC1,
ZC3H11A,
DBN1,13.7607285
P78383-2,13.243981999999999
ARHGAP11A,19.748525
ARHGAP32,17.163655000000002
ARHGEF5,19.565005
BRD1,19.202095
C2orf49,15.235064000000001
CAD,28.216615
CAST,19.819229999999997
CCDC6,20.7174
CCDC88C,18.151085000000002
CCSER2,
CHAMP1,24.70127
CTDSPL2,22.159595
DOCK5,21.619600000000002
ELK1,19.194975
FAM208B,18.43761
GPBP1L1,15.580470000000002
GRAMD3,
GTF2IRD2B;GTF2IRD2,
KMT2A,
LIG1,22.564515
LIMA1,
LMNB2,
LMO7,19.171305
MBD3,24.23187
MYO5A,17.732345000000002
PARD3,23.25305
PGR,20.511325
PPFIA1,19.712795
PRR15,22.113210000000002
RABL6,21.373215000000002
RANBP10,20.7091
RBM10,24.857234999999996
RBM15B,25.179115
RBM25,20.45395
RPLP0;RPLP0P6,18.444274999999998
TANK,
TNS3,21.055815
TPX2,24.53996
WDR59,23.746185
ZFP36L1,22.03931
ALAD,
BAG3,17.36939
C6orf47,
CENPJ,19.632385
DDX55,18.2686
FOXK2,14.7884725
GOLGA3,22.631520000000002
MED1,23.54616
PDLIM2,
RALGAPB,19.150985
RBBP6,24.470914999999998
SCRIB,12.508363
SH3BP1,16.934145
TRA2A,20.85514
TXLNG,15.98031
ADD3,17.88122
ATG2A,17.37811
CDC42EP1,23.801145
CGN,23.726129999999998
HECTD1,21.50162
KLC4,23.48194
PLCH1,19.162405
PPP1R12A,23.98961
SNX17,21.93342
UBXN1,
WDHD1,
HUWE1,11.519288
KIAA1522,12.871480000000002
CLTA,15.054105
USP34,14.235923
OGFR,13.130322499999998
ERBB2,16.21194
TLK2,
TJP3,
LCOR,
PRR12,
SMG9,19.977465000000002
FAM21A;FAM21C,16.341639999999998
SHANK2,17.522365
YBX1;YBX3;YBX2,16.08817
SSH3,19.029355000000002
PDPK2P;PDPK1,17.128205
SUPT5H,
FGD1,
TBC1D9B,
REPS1,19.098085
MON1B,22.969165
PITPNM2,22.400615000000002
EME1,19.193350000000002
CDK12,24.89074
TTC7B,23.29132
CENPQ,
ABL1,15.520685
NFATC3,19.878555
SLC20A2,23.720745
TRAF2,13.7273955
JMY,21.082005
NCBP1,21.313814999999998
POLR2M;GCOM2,16.478175
PYGB,20.88625
NAA30,21.851225
ACACA,16.672655
AHDC1,21.99098
APPL1,19.805284999999998
ARHGEF40,19.48667
ATAD2,20.4234
BCAR3,18.681150000000002
BPTF,20.86114
BRD8,22.735235
CAMK2D,
CARS,22.14438
CBX2,19.644785
CDC42BPG,13.682943000000002
CDCA3,23.091445
CDK16,25.566095
CIPC,18.86315
CTDP1,18.432705
CTPS1,21.22304
CTU2,19.143955
CXorf23,22.16525
DCP1A,17.954395
DDX27,19.68493
ECT2,24.592775
EIF2B4,23.163149999999998
ELAVL1,21.209955
FRMD4B,
H2AFY2,21.739055
HBP1,
HELLS,
HID1,20.55143
IGF2R,17.787925
INF2,19.042085
KIF20B,21.209885
L3MBTL2,20.26256
LAD1,
LARP7,21.17894
MAP3K11,19.61759
MAPKAP1,25.85149
MARCKS,24.302945
MAST2,22.6762
MDC1,21.47182
MEX3C,
MICAL3,22.976775
MSH6,23.36995
MTDH,21.03106
MTFR1L,18.23444
MTMR12,21.04252
MYBL2,20.561385
NAP1L4,17.677265
NASP,26.699285
NCAPH,21.327385
NUDCD3,
NUP35,21.152825
OSBPL11,19.854975
PARVA,
PBRM1,19.777639999999998
PDLIM1,25.652344999999997
PIK3C2A,19.1794
PKN2,21.8478
PKP2,19.848665
PLEKHG6,24.37981
PODXL2,16.953125
POU2F1;POU2F3,22.839895
PPP1R9A,23.77532
PRKD3;PRKD1,17.6136
RAD51AP1,20.286645
RAP1GAP,24.61474
RAPGEF6,22.45711
RBM7,22.85282
RMI1,16.807845
RNF25,25.414645
SAMD4B,17.91158
SASS6,19.30396
SEC16A,24.236984999999997
SETD5,18.325625
SETMAR,22.609875
SF3B2,22.04869
SGK223,20.545135
SKA3,22.03279
SLAIN2,23.014965
SLCO4C1,
SLK,23.17634
SMARCA4,22.60637
SMC4,18.04138
SMTN,21.444405
SOX13,17.244705
SPAG5,13.0669805
STRN4,15.940915
STX10,19.630135
TCF25,
TFE3,21.083045000000002
TJP1,21.617255
TJP2,24.315785
TMEM115,24.485005
TMEM131,21.25242
TMPO,21.159435000000002
TRIP11,18.88814
UBXN2B,14.9275625
UTRN,20.134414999999997
WDR75,15.8457
WRAP53,
XRN2,
YEATS2,19.46907
ZMYM2,12.994124
ZMYND8,20.685785
AAGAB,20.95542
ACAP2,22.956245000000003
ADNP,23.21027
ANK3,23.919055
ANLN,25.825674999999997
ARFGEF3,23.167189999999998
ARHGAP21,
ARHGEF7,21.101575
ARID4B,
ATP13A1,21.310789999999997
AZI2,17.0709
BAZ2B,
BLOC1S3,15.717620499999999
C11orf68,19.07474
C11orf84,11.257629
C15orf62,
C5orf30,26.02168
C8orf37,21.820275
CADPS2,23.166275
CARD14,
CARHSP1,29.04748
CASKIN2,
CCDC120,
CD2AP,27.006815
CDC42EP4,17.838
CDC5L,21.707935
CDK11B;CDK11A,21.90565
CHD1,21.272095
CHD7,20.56243
CHD8,20.33613
COBLL1,21.258364999999998
CTAGE5;MIA2;CTAGE1,25.59032
CTAGE5;MIA2;CTAGE4;CTAGE8;CTAGE9;CTAGE15;CTAGE6,18.18462
CTAGE5;MIA2,16.6036
CTNNA1;CTNNA2,23.696930000000002
DDB2,22.00339
DHX57,13.6625415
DNAJC21,17.877825
DNMT3B,20.400365
DOCK6,22.643005000000002
DOCK7,
EBAG9,22.891025
EEF2K,17.365595
EIF1AD,18.555950000000003
EIF3A,25.341610000000003
EPS8L1,
ESYT2,
FADD,
FAM160A2,22.848495
FNBP1L,23.431604999999998
FOXJ3,23.915185
FTSJ3,18.830334999999998
G3BP1,16.533875000000002
G3BP2,22.04922
GON4L,18.948175
GRAMD4,20.060395
GTPBP1,
HACD3,26.234395
HEXIM2,21.169185
JUND,15.726424999999999
KAZN,19.969515
KIAA0430,23.674690000000002
KIF21A,19.90134
MAPK4,19.567805
MARCKSL1,24.1232
MAST4,20.75822
MAX,
MBD2,
MEF2D,16.135894999999998
MFAP1,23.064065
MINK1,22.82282
MIS18BP1,
MTOR,20.445140000000002
MTUS1,20.164
NBN,22.793955
NBR1,
NCOA5,21.30775
NMD3,20.476985
NOC2L,19.463964999999998
OFD1,20.700495
OPTN,21.76645
OSBP,23.18249
OSTF1,19.77584
OTUD4,19.636015
PDAP1,16.28795
PGRMC1,26.246589999999998
PGRMC2,24.056189999999997
PI4KB,
PKP3,21.75627
PLCB3,24.119395
PLEKHA6,18.81884
PLEKHG3,23.041715
PPFIBP2,16.965425
PPID,19.339955
PPL,21.012715
PPP1R13B,20.728585
PRDX2,25.660519999999998
PRIM1,
PRKD2,18.72943
PRPF4B,21.40105
PRR11,19.35749
PRR36,
PTEN,15.471070000000001
PTGES3,23.509945
PTMA,
PUM1,27.52538
PUM2,23.30329
RAD9A,19.812685
RAP1GAP2,17.288175000000003
RAPH1,19.97777
RBBP8NL,14.986999
RHBDF2,
RIMS2,20.25649
RLF,22.423005
RPLP2;RPLP1,23.86723
RSBN1L,20.47811
SAFB2;SAFB,17.634155
SAFB2,21.449334999999998
SCD,
SENP3,20.682850000000002
SF3B1,
SIPA1L3,
SLC12A7,21.81512
SMPD4,18.131655
SNX16,21.300105000000002
SON,20.916829999999997
SPIN1,20.37905
SPIRE2,22.891455
ST13;ST13P4,23.43348
STK39,19.13908
STRN3,17.356205
STX17,23.849664999999998
STX7,20.85231
TBC1D15,23.20713
TBX3,20.614124999999998
TCERG1,
TEAD3,17.017715
TGOLN2,
TNRC6A,18.448175
TOM1L2,19.500985
TOP2B,25.007525
TRIM56,19.26712
TTF2,20.63127
USP24,17.308515
USP47,17.62355
VAMP4,21.96595
WBP11,20.46455
WDR43,21.889780000000002
WDR70,24.820790000000002
WWC3,16.626450000000002
YAP1,
ZBTB6,
ZC3H18,21.78048
ZNF282,13.571744
ZNF326,15.438144999999999
FLNA,
MAP1S,22.22812
MAP1B,12.568677999999998
AMOT,20.376085
ANKRD17,22.72543
ANKS1A,21.818095
ARHGAP35,23.154505
ARHGEF2,21.404555000000002
ARHGEF35,20.128715
AR,20.92011
ASPM,23.300305
BABAM1,15.218065000000001
BCL9L,
BCLAF1,25.61399
BRCA1,24.711045
C15orf39,17.970335
CAPN1,14.8468935
CCAR2,
CCDC132,19.898075
CDAN1,12.9742165
CDK11B,20.476745
CDR2L,20.30275
CHERP,15.810455
CIC,20.14549
CLASP1,22.184615
CNKSR2,20.7628
CREBBP,
CRTC2,20.57459
CRYBG3,19.79327
DAXX,19.353749999999998
DBNL,23.643845
DCAF6,21.58285
DCP1B,22.94824
DDX3X;DDX3Y,26.347160000000002
DEPTOR,21.1938
DIDO1,22.301655
DMXL1,14.863616
DNTTIP2,
DPYSL2,22.30564
DPYSL3,
E2F1,15.875985
EHBP1,22.332995
EIF4H,
ELMSAN1,24.929814999999998
ERF,13.7169685
EXOC4,18.82274
FAM126B,
FAM129B,25.722735
FAM188B,21.006050000000002
FAM21A,15.34986
FAM83B,24.310565
FASN,26.950000000000003
FHDC1,
FHOD1,22.456815
FNIP1,18.6832
FOXN3,
GATAD2B,18.56097
GBF1,22.014015
GIGYF1,15.217625
GLE1,17.877865
GPRC5C,18.920035
HCFC1,23.88075
HERC1,17.20522
HIST1H4A,21.64346
HOOK1,16.216755
ICA1,
IRF2BP1,
ITSN2,22.968535
JUN,21.32203
KCTD20,15.271305
KIAA1598,24.76055
KIAA1671,23.66608
KIAA1958,13.432193
KLC3,21.890025
KMT2D,23.52835
KRT18,24.544285
MAP4K4,
MAP4,21.538845000000002
MAPK1,26.208714999999998
MAPK3,21.048335
MICALL1,16.28348
MIEF1,
MISP,21.267145
MMTAG2,
MPZL1,19.11667
MTMR4,
MUC5AC,
NBEAL2,14.128368000000002
NCKAP5L,21.807305
NELFE,19.55299
NFATC1,
NHSL1,21.737885
NUP107,25.049225
NUP210,22.36511
PAICS,27.489760000000004
PAN3,
PARP4,14.656403000000001
PFDN4,17.365165
PIEZO1,24.766915
PKP4,
PPP1R7,20.15341
PPP6R2,17.927605
PRKACA,
PXN,23.11986
RABEP2,20.15643
RABGAP1,21.98363
RAD51C,20.750194999999998
RASEF,19.339785
RBM17,22.938560000000003
REPIN1,19.305699999999998
RGL3,18.948815
RTN3,20.391745
S1PR3,21.891090000000002
SHROOM3,18.252145
SIN3A,
SKP2,19.84591
SLC9A3R1,17.43441
SLCO4A1,
SMCR8,19.32392
SNX2,23.570195
SNX5,
SP100,18.484075
SRGAP2,18.574775000000002
SUDS3,21.61788
SVIL,22.884055
SYTL2,21.82112
TAF9B,
TANC1,21.612195
TBC1D23,17.505135
TBX2,18.8594
TC2N,24.52411
TCOF1,24.284100000000002
TESK2,20.893975
TLN1,21.94108
TMEM45B,18.011745
TMSB10,19.93452
TNRC6B,
TPMT,
TRAPPC10,
TRIM47,21.885585
TSC22D4,23.176275
U2SURP,24.792225000000002
UIMC1,15.312065
UMPS,
UNK,19.001530000000002
USP10,17.31687
USP54,21.56528
VPS35,18.791995
WIPF2,23.3597
ZDHHC5,17.483584999999998
ZFHX3,20.387525
ZNF217,22.41216
2002-09-01 00:00:00,28.664814999999997
2005-09-01 00:00:00,21.886175
2006-09-01 00:00:00,19.141125
2007-09-01 00:00:00,24.078505
2009-09-01 00:00:00,26.522329999999997
AAAS,27.42053
AARS,
AATF,24.92089
ABCC2,18.974709999999998
ABI2,
ABL2,
ABLIM1,
ABLIM2,16.36157
ACBD3,
ACBD5,12.785826
ACD,22.081229999999998
ACKR3,21.058799999999998
ACOX1,
ACSL1,22.695855
ACSS2,24.335655000000003
ACTB;ACTG2;ACTA1;ACTC1;ACTA2;ACTG1,
ACTB;ACTG2;POTEE;POTEF;ACTBL2;POTEKP;ACTA1;ACTC1;ACTA2;ACTG1,19.583505
ACTB,14.689449499999998
ACTL6A,26.05905
ACTN4;ACTN1;ACTN3;ACTN2,18.730505
ACTR8,22.12961
ADAM10,
ADAM17,22.69081
ADAM29,15.140505999999998
ADAM9,22.703364999999998
ADARB1,24.83596
ADAR,24.333075
ADAT1,25.84362
ADCY6,
ADD1,
ADH5,
ADRBK1;ADRBK2,11.837015000000001
ADRBK1,24.930765
ADRM1,20.18354
AEBP2,23.393565000000002
AFTPH,21.230835
AGAP1,23.999885
AGAP3,21.386905
AGO2,
AIF1L,24.23379
AIFM1,24.047825
AIM1,21.303565
AKAP10,24.69593
AKAP13,20.49458
AKAP17A,22.35443
AKAP1,21.617735
AKAP2,
AKAP8L,25.540375
AKAP8,
AKIRIN2,21.983415
AKNA,
AKT1,21.12943
ALDOA,24.333135
ALG3,
ALOX15B,19.716929999999998
ALPK3,
ALS2,22.64858
AMMECR1L,20.780325
AMOTL2,
AMPD2,
ANAPC1,17.566365
ANAPC2,20.684224999999998
ANAPC4,
ANKHD1,19.98116
ANKLE2,
ANKRD11,
ANKRD13D,20.97155
ANKRD26,24.018465
ANKRD27,19.4124
ANKRD28,25.508050000000004
ANKRD40,21.795155
ANKRD50,22.44442
ANKRD52,20.245125
ANKRD54,
ANKS6,
ANKZF1,25.134050000000002
ANXA2;ANXA2P2,19.693075
AOC1,18.077424999999998
AP1S1,20.7193
AP2A1,16.700195
AP3B2,24.123045
AP4E1,
APBA3,21.079315
APBB2,20.739894999999997
APEH,19.379025
API5,26.36893
APIP,27.659329999999997
APOL2,22.573030000000003
APP,19.88588
APRT,18.7154
ARAF,20.41149
ARAP1,16.29631
ARF3;ARF1,20.93141
ARFGAP1,23.68117
ARFGAP2,
ARFGAP3,17.829975
ARFGEF1,22.992255
ARGLU1,22.971175000000002
ARHGAP10,12.671645999999999
ARHGAP17,19.007035
ARHGAP1,
ARHGAP27,
ARHGAP29,22.744825
ARHGAP39,18.95818
ARHGAP44,
ARHGAP5,19.43977
ARHGAP6,15.415175
ARHGDIA,22.499825
ARHGEF11,23.994210000000002
ARHGEF18,
ARHGEF19,
ARHGEF26,23.679389999999998
ARHGEF7;ARHGEF6,23.518189999999997
ARID1A,17.238889999999998
ARID3A,19.126625
ARID4A,16.677005
ARL2,15.36755
ARL6IP4,19.372855
ARMCX3,18.1714
ARPP19,23.60316
ARRB1,26.591875
ARRDC1,
ARVCF,14.4076065
ASAP1,19.718719999999998
ASAP2,24.63957
ASB8,15.344439999999999
ASCC3,23.22106
ASCL2,23.95888
ASF1B,
ASH2L,20.77985
ASMTL,22.759125
ASPSCR1,
ASUN,25.07965
ASXL1,
ASXL2,
ATAD2B,
ATAT1,19.980555
ATF2,22.74222
ATF7IP,24.052035
ATG13,23.062855
ATG14,14.206188999999998
ATG2B,
ATG9A,
ATP13A3,22.475695
ATP2B4,16.636644999999998
ATP6V0A2,20.451815
ATR,16.161540000000002
ATXN1L,21.829055
ATXN1,22.30792
ATXN2,22.22333
ATXN7L3,19.870505
AUNIP,17.265575
AUTS2,22.76735
AXIN1,
BACH1,23.27406
BAG6,25.44885
BAIAP2,
BAP18,25.221330000000002
BARD1,24.37746
BASP1,23.419484999999998
BAZ1A,24.50145
BAZ1B,22.17551
BAZ2A,
BBX,20.80422
BCCIP,24.637349999999998
BCKDHA,23.734375
BCL10,18.894005
BCL2L11,
BCL2L12,
BCL2L13,16.22991
BCL2L14,25.718215
BCL3,21.770384999999997
BCL6,22.48876
BCL9,20.58292
BCR,22.43326
BEND3,21.077115
BET1L,23.312595
BICD2,25.904955
BIN1,21.58502
BIRC6,19.266355
BLNK,21.427834999999998
BLZF1,
BMP2K,20.26058
BMS1,
BNIP2,26.25871
BOLA1,24.37108
BOP1,21.51339
BORA,20.685285
BRAF,
BRAP,25.66965
BRAT1,24.596885
BRCC3,15.019822
BRD2,
BRD3,24.86453
BRD4,24.275425
BRD9,18.12622
BRF1,22.004884999999998
BRF2,20.222225
BRIP1,20.556355
BRMS1L,23.75716
BRPF1,21.089425
BRPF3,19.668395
BRWD1,19.8978
BSDC1,20.10476
BTBD7,22.361255
BTF3,
BUB1B,24.526205
BUB1,26.365475
BUD13,20.55497
BYSL,20.73647
BZW1,
BZW2,
C10orf12,21.3014
C10orf32,21.503015
C11orf74,19.87281
C12orf45,26.273705
C12orf79,18.312079999999998
C15orf52,20.891255
C17orf100,23.94337
C17orf59,16.020215
C17orf75,21.80114
C17orf85,20.1108
C17orf96,15.066613
C19orf47,16.95187
C19orf54,
C19orf57,17.371254999999998
C1orf198,
C1orf226,20.757525
C1orf52,22.25074
C2CD2,19.08276
C2CD3,21.552155
C2orf44,22.104039999999998
C6orf106,24.09323
C6orf141,22.86664
C7orf43,
C7orf50,23.901525
C8orf33,
C9orf142,26.691654999999997
C9orf152,
C9orf16,19.737275
C9orf78,15.94876
CAAP1,16.62551
CABIN1,20.645585
CALCOCO2,17.9133
CALM1,
CALML5,23.32556
CAMK2G,19.465075
CAMKK1,22.508565
CAMKK2,23.081945
CAMSAP1,20.259819999999998
CAMSAP2,24.481415
CAND1,21.413384999999998
CANX,24.758629999999997
CAP1,25.555915
CAP2,22.977490000000003
CAPZA2,21.100985
CASC3,21.445405
CASC4,18.510365
CASC5,18.787195
CASKIN1,20.66631
CASP2,18.40616
CASP8AP2,22.51896
CBFA2T2,23.768895
CBFA2T3,
CBFB,21.6189
CBLB,19.14445
CBLL1,18.72347
CBX1,22.325115
CBX4,22.364345
CBX6,18.88292
CBX8,23.726685
CC2D1A,21.222345
CCAR1,21.54029
CCDC102A,24.130725
CCDC125,
CCDC130,18.918300000000002
CCDC149,22.548455
CCDC14,17.88291
CCDC25,17.201715
CCDC43,17.760275
CCDC61,22.099625
CCDC64B,20.23718
CCDC85C,18.529655
CCDC86,25.433419999999998
CCDC93,20.85573
CCDC94,18.21139
CCDC97,14.6178685
CCM2,25.111675
CCNB2,24.35499
CCNE1,17.14894
CCNE2,15.092558499999999
CCNH,19.17071
CCNK,26.745145
CCNL2,18.104585
CCNT2,20.652555
CCNYL1,23.788204999999998
CCNY,24.788155
CCP110,25.908025000000002
CCSER1,
CCZ1;CCZ1B,23.270685
CD2BP2,
CD3EAP,21.106015
CDC16,23.07799
CDC20,
CDC23,23.492615
CDC25C,22.22699
CDC26,22.764110000000002
CDC40,18.649235
CDC42BPA,
CDC42EP2,18.578405
CDC6,20.500715
CDC73,
CDCA2,13.832413
CDCA7L,16.932995
CDCA8,21.398785
CDK14,24.516885
CDK16;CDK17,26.535714999999996
CDK17,23.941300000000002
CDK18,21.57392
CDK2;CDK3;CDK1,23.06986
CDK5,
CDK5RAP2,
CDK7,21.97908
CDK9,19.931275
CDKL5,
CDKN1A,20.807115
CDKN1B,24.18947
CDR2,18.4513
CDT1,
CDV3,21.651045
CDYL,22.87652
CEBPZ,16.938095
CELSR2,18.246685
CENPB,16.157294999999998
CENPC,21.695909999999998
CENPI,
CENPN,20.46836
CENPT,23.585630000000002
CENPU,18.31372
CEP131,20.496585
CEP152,21.655425
CEP164,19.319875
CEP170;CEP170P1,19.423325
CEP192,
CEP350,
CEP41,11.6039515
CEP55,21.35255
CEP68,19.21085
CEP76,
CERS2,22.4029
CETN2,24.333444999999998
CFDP1,21.550595
CFL1,
CFL2,18.91477
CGNL1,21.678545
CHAF1B,24.266240000000003
CHD1L,
CHD2,21.740425000000002
CHD9,
CHMP2B,25.83942
CHMP3,17.65262
CHMP7,24.808965
CHTF18,20.867465
CIAPIN1,22.645895
CIR1,17.81492
CIT,19.196045
CLASP2,22.177585
CLASRP,24.926475000000003
CLCN2,19.347659999999998
CLEC16A,
CLIC3,23.44243
CLINT1,
CLIP1;CLIP2,22.95586
CLIP1,19.84411
CLIP2,21.865245
CLK1,21.151305
CLK3,23.89967
CLMN,20.861985
CLN3,23.661745
CLNS1A,21.31828
CLSPN,16.1053
CLTB,21.915005
CLUH,13.4692185
CMIP,
CMTR1,18.58541
CNKSR3,20.831195
CNOT1,17.002715000000002
CNOT2,26.297665
CNOT3,25.27239
CNOT4,17.751925
CNPY2,
COASY,
COBL,20.37007
COG1,21.499015
COG3,21.66397
COG4,23.651945
COG5,
COG7,20.85811
COL12A1,
COL4A3BP,
COMT,23.993215
COPA,22.72315
COPB2,24.27745
COPE,24.450085
COPRS,25.12829
CORO7,
CPEB4,17.480069999999998
CPNE3,23.51481
CPSF4,19.80346
CPSF6,22.10332
CPSF7,24.40379
CRAMP1L,16.57514
CREB1,21.785865
CREB3L4,
CREBZF,
CRELD2,23.33681
CREM,19.45511
CRIP2,23.680405
CRKL,17.875590000000003
CRTC3,24.64708
CSE1L,20.501245
CSNK1D,24.88372
CSNK1E,
CSNK2B,20.98124
CSPP1,23.819965
CSRP1,24.89338
CSRP2BP,24.37224
CSTF2T,21.113785
CSTF3,27.400705000000002
CTIF,21.724335
CTNNA1,16.14289
CTNNB1,19.269605
CTNNBL1,20.813085
CTNND2,23.49017
CTPS2,22.611665
CTR9,23.64666
CTTNBP2,21.90146
CTU1,
CUL3,23.00158
CUL4B,
CUL9,22.756045
CUX1,18.975735
CWC22,22.95205
CWC25,
CWF19L2,23.97393
CXorf38,24.14772
CXXC1,22.183425
CYLD,15.067409999999999
DAB2IP,21.69287
DAPK2,21.604925
DAP,21.748635
DBF4,20.223770000000002
DCAF10,20.551685
DCAF13,18.637954999999998
DCAF15,24.769309999999997
DCAF5,21.548949999999998
DCAF8,23.091
DCLK1,17.131085
DCLK2,
DCLRE1A,15.22031
DCP2,20.9111
DCTN2,18.87262
DCTPP1,21.58548
DCUN1D5,22.02329
DDA1,23.46025
DDX10,19.11011
DDX11;DDX11L8,17.442875
DDX17,18.63398
DDX19B;DDX19A,
DDX1,23.579995
DDX20,20.018415
DDX21,25.30238
DDX24,16.28302
DDX41,24.616789999999998
DDX42,16.3324
DDX46,16.455835
DDX47,13.3665645
DDX50,22.36801
DDX51,24.605565
DDX54,15.642235
DEAF1,
DEK,24.575989999999997
DENND1A,25.31361
DENND4A,13.796371
DENND5A,22.49178
DENR,27.316415
DEPDC5,
DFFA,26.00426
DGKG,
DGKQ,
DGKZ,14.585174499999999
DHCR7,23.35217
DHX16,20.055875
DHX29,16.284275
DHX8,22.842905000000002
DICER1,23.253145
DIP2B,
DIP2C,15.712735
DKC1,21.494185
DLG3,17.688319999999997
DLG5,24.54475
DLGAP4,17.66329
DLGAP5,18.87998
DMAP1,23.13494
DMXL2,
DNAAF2,17.750819999999997
DNAJA1,22.11777
DNAJA2,23.517735
DNAJB1;DNAJB4,23.824305000000003
DNAJC17,22.38095
DNAJC9,24.13747
DNM1L,24.661705
DNMBP,
DNMT1,
DNMT3A,22.72103
DNPH1,20.17233
DOCK4,25.412770000000002
DOK7,17.680085
DOPEY2,18.95439
DPF2,23.041895
DSC2,
DSN1,24.192695
DST,23.983615
DTD1,24.584405000000004
DTNA,19.476125
DTNBP1,17.28139
DTNB,18.81043
DTX3L,
DUS3L,11.137498
DUSP16;DUSP8,25.187545
DUSP16,22.135955
DUSP6,
DVL3,24.186475
DYNC1H1,24.868595
DYNC1I2,18.772399999999998
DYNC1LI1,23.290295
DYNC1LI2,25.016455
DYRK1A;DYRK1B,25.545325
DYRK2,
E2F8,
EAF1,19.412365
EAF2;EAF1,25.03074
EAF2,19.51039
EDC4,17.530295000000002
EEA1,
EEF1B2,26.68665
EEF1D,28.02466
EEF2,20.211795000000002
EEPD1,21.60241
EFHD2,26.694425
EGFR,
EGLN1,24.302065
EGLN2,21.9042
EHBP1L1,19.67398
EHD1,22.693395000000002
EHMT1,23.413275
EIF1;EIF1B,20.048395
EIF1,16.59774
EIF2AK1,
EIF2AK4,19.53438
EIF2A,26.32179
EIF2B5,28.16647
EIF2S1,17.184895
EIF2S2,22.816885
EIF3B,20.88889
EIF3C;EIF3CL,25.246465
EIF3F,22.836135
EIF3H,26.08192
EIF3J,18.30959
EIF3K,18.488565
EIF4E2,21.52505
EIF4G2,27.383355
EIF4G3,23.275475
EIF5,22.19808
ELAC2,22.533425
ELF1,20.83906
ELF2,17.50345
ELF4,19.42764
ELL,
EMD,20.373125
EML3,
EML4,22.07316
ENAH,
ENGASE,19.77118
ENO1,19.759985
ENSA;ARPP19,27.141099999999998
ENSA,22.80265
EOMES,17.65614
EP300,19.95845
EP400,26.490595
EPB41L1,23.40345
EPB41L4A,
EPB41,20.491374999999998
EPC2,19.79
EPN2,19.10564
EPPK1,
EPRS,18.93198
EPS15,
EPS8L2,
EPS8,
ERBB3,23.844839999999998
ERC1,
ERCC5,24.96812
ERCC6L,22.324475
ERGIC3,23.819245000000002
ERICH1,21.511135
ESCO2,18.166885
ESF1,
ESPL1,
ESPN,22.832145
ESRP1,24.355150000000002
ESRP2,24.06319
ESRRA,17.56017
ESYT1,
ETV3,17.956875
ETV6,24.07214
EVL,16.21048
EVPL,24.69686
EXO1,
EXOC1,24.913625
EXOC7,20.699395
EXOSC9,24.71285
EXPH5,20.430585
F5,
FAAP100,
FAF1,22.740479999999998
FAM103A1,24.22648
FAM104A,
FAM110A,14.011630499999999
FAM110B,24.397985
FAM110C,
FAM117A,23.339170000000003
FAM120A,
FAM126A,
FAM134A,
FAM134C,20.94789
FAM13A,17.74276
FAM13B,20.409779999999998
FAM169A,
FAM188A,22.482194999999997
FAM193A,25.4396
FAM195A,19.38636
FAM195B,22.210195
FAM208A,24.541469999999997
FAM21A;FAM21C;FAM21D,19.57929
FAM21C,12.9275345
FAM53C,24.646745
FAM64A,19.138555
FAM65A,20.521925
FAM73B,20.5504
FAM76B,22.83074
FAM83G,19.70612
FAM84A,20.117765
FAM84B,
FANCD2,23.9874
FANCE,
FARP1,21.413665
FARP2,18.92885
FBF1,18.52695
FBLN1,
FBRS,
FBXL20,19.9768
FBXO28,14.733366499999999
FBXO42,25.869075
FBXW5,17.0378
FBXW9,16.080925
FCHO2,22.365595
FER1L5,
FEZ2,19.41102
FGD4,23.70721
FGD5,22.3435
FGD6,20.886635
FGF13,23.616410000000002
FIP1L1,24.912505000000003
FKBP3,24.885800000000003
FLCN,16.276865
FLII,24.140945000000002
FLYWCH1,19.22155
FLYWCH2,24.61208
FMNL2,19.40561
FOSL2,22.366484999999997
FOXA1,26.463120000000004
FOXM1,15.304219999999999
FOXP4,
FRA10AC1,19.50591
FRK,
FRMD4A,
FRMD6,
FUBP1,20.349185
FYTTD1,
G6B,
GAB1,22.55371
GAK,15.025093000000002
GAPDH;GAPDHS,
GAPDH,18.74349
GAPVD1,22.252005
GAREM,
GARNL3,20.69959
GAS2L1,21.95404
GATA3,18.747825
GCC1,
GCFC2,23.151605
GEMIN5,20.907075
GEN1,20.8397
GFPT1;GFPT2,19.902655
GFPT1,25.17469
GGA3,19.77843
GGCT,20.14939
GGNBP2,21.64885
GGPS1,21.14016
GIGYF2,22.17046
GINS2,18.004199999999997
GIPC1,22.23431
GLI4,21.069765
GMIP,18.899929999999998
GMPS,23.07952
GNAS,18.145885
GOLGA1,19.155145
GOLGA2,
GOLGA5,23.006795
GOLGB1,
GOLIM4,
GON4L;YY1AP1,19.264445
GORASP1,
GORASP2,16.395915
GPALPP1,24.311639999999997
GPAM,17.046825
GPATCH1,18.98952
GPATCH2L,22.124209999999998
GPATCH4,21.75331
GPCPD1,19.52881
GPHN,19.461205
GPI,
GPKOW,22.05542
GPN1,23.29073
GPS1,22.34774
GPSM1,20.941385
GREB1,23.943640000000002
GRHL2,24.256695
GRHL3,18.223855
GRIP1,25.38487
GSE1,
GSG2,23.231424999999998
GSK3A;GSK3B,26.17163
GSR,
GSS,24.155405
GTF2IRD1,20.833755
GTF2IRD2B,
GTF3C2,24.850005
GTF3C3,
GTF3C4,15.982980000000001
H1FX,27.010825
H2AFY,16.015135
HABP4,
HACE1,18.399720000000002
HARS2,23.484735
HAUS6,21.928735
HDAC2,25.09266
HDAC3,22.45758
HDAC4;HDAC9;HDAC5,24.590089999999996
HDAC4,21.9364
HDAC6,
HDAC7,25.521335
HDGF,25.38798
HDLBP,22.436175
HEATR3,14.6127575
HEBP2,20.72817
HECTD4,
HECW2,20.936575
HELB,21.53933
HELZ,22.458199999999998
HERC2;HERC2P3,19.32264
HERC2,20.257225
HES1,20.99546
HIPK2;HIPK1,23.497495
HIPK2,
HIRA,
HIRIP3,27.26371
HIST1H1B,22.04856
HIST1H1D,
HIST1H1E,16.685065
HIVEP1,22.66106
HIVEP3,17.965825000000002
HJURP,14.673341500000001
HMBS,
HMCES,20.795375
HMG20A,25.095599999999997
HMGCS1,22.549125
HMGN1,23.880905
HMGN3,24.874470000000002
HMGXB4,19.673595
HMMR,17.32242
HN1,12.9302165
HNRNPA1,20.683605
HNRNPA2B1,21.182975
HNRNPC;HNRNPCL4;HNRNPCL1;HNRNPCL3;HNRNPCL2,19.100385
HNRNPC,28.50087
HNRNPDL,22.352584999999998
HNRNPD,22.170355
HNRNPF,
HNRNPH1;HNRNPF,18.065595000000002
HNRNPH1;HNRNPH2,26.716924999999996
HNRNPH1,23.198765
HNRNPH2,14.857043
HNRNPH3,18.31521
HNRNPK,23.464845
HNRNPLL,23.381895
HNRNPL,21.015214999999998
HNRNPM,25.334475
HNRNPUL2,27.38877
HOMER3,24.57247
HOMEZ,18.825665
HOOK2,16.963459999999998
HOXC9,21.592645
HPS5,21.013675
HR,
HSF1,
HSP90AA1;HSP90AB1,22.60891
HSP90AA1,31.21641
HSP90AB1;HSP90AB2P,30.91729
HSP90AB1;HSP90AB3P;HSP90B1,
HSP90AB1;HSP90AB3P,31.883605
HSP90B1,23.570149999999998
HSPA4,23.174385
HSPB1,27.62127
HSPD1,21.73317
HTT,19.90771
IBTK,24.280054999999997
ICE1,23.00365
IGFBP5,24.171670000000002
IGSF9,
IKBKB,23.194525
IKBKG,23.67946
ILF3,27.12959
ILKAP,19.92499
IMPACT,20.011110000000002
IMPDH2,
IMUP,25.716639999999998
INADL,16.933495
ING4,22.75426
ING5,22.37663
INO80B,20.118385
INPP5D,
INPP5J,20.366955
INPPL1,29.01341
INTS10,24.14544
INTS12,21.368465
INTS1,22.833845
INTS3,
INTS5,
INTS7,22.07256
INTS9,24.02652
INTU,
INVS,20.64889
IPMK,
IQCE,
IQGAP1,25.56198
IQGAP3,20.895094999999998
IQSEC1,16.37661
IQSEC2,22.578345
IRF2BPL,24.716195
IRF3,
IRF6,23.718905
IRX2,23.896645
IRX3,22.605535
IRX5,21.697495
ISCU,26.976575
ISL2,20.6809
ITCH,17.511465
ITFG3,24.1902
ITGB1BP1,22.73251
ITPKB,18.276925
ITPKC,
ITPR2,
IVNS1ABP,22.52312
JADE3,17.27449
JMJD1C,16.15211
JOSD1,19.668995000000002
JPH1,24.92438
JRK,21.90865
JUN;JUND,26.175435
JUP,23.06662
KALRN,16.30308
KANK2,20.54638
KANSL1,21.16336
KAT6A;KAT6B,21.099845000000002
KAT8,23.821515
KATNA1,
KCNK12,
KCTD12,16.34341
KCTD15,20.098095
KCTD1,16.112435
KCTD3,22.862155
KDM1A,15.252825000000001
KDM2A,26.5709
KDM2B,21.527295
KDM3A,24.784595
KDM3B,22.573405
KDM4A,
KDM4B,
KDM5A,18.201145
KDM5B,20.54126
KDM5C,21.91156
KDM6A,16.82348
KIAA0195,14.707508500000001
KIAA0226,18.080225
KIAA0556,17.749695
KIAA0586,
KIAA0754,20.727045
KIAA1033,19.211255
KIAA1143,20.298315
KIAA1210,20.702565
KIAA1211L,24.90184
KIAA1211,23.66119
KIAA1279,19.3534
KIAA1328,12.537497
KIAA1429,19.18117
KIAA1468,21.835925
KIF11,24.680755
KIF13A,23.71453
KIF13B,25.8034
KIF14,16.97772
KIF15,26.14575
KIF1B,25.81528
KIF1C,22.82776
KIF20A,25.30281
KIF23,19.987855
KIF24,19.00968
KIF2A,
KIF4A;KIF4B,20.295675
KIF7,19.80431
KIFAP3,
KIFC1,25.276835000000002
KLC2,24.56055
KLF10,21.450689999999998
KLF11,22.04371
KLF12,
KLF2,20.479425
KLF3,23.59104
KLF4,18.315905
KLF6,
KLHDC4,16.16922
KLHL13,
KLHL22,24.680464999999998
KLHL24,22.61475
KLRG2,19.8912
KMT2B,16.30762
KNOP1,23.28519
KPNA2,18.120415
KPNA3,15.414114999999999
KPNA4,22.73643
KPNA6,
KRBA1,23.30659
KRCC1,
KRI1,20.58372
KSR1,21.648415
KTN1,20.26699
L1RE1,24.148455000000002
L3MBTL3,21.439075000000003
LAMTOR1,20.0318
LARP1B,23.661630000000002
LARP4B,21.630695
LARP4,24.381059999999998
LARP6,20.676235
LARS,
LAS1L,24.53535
LBH,15.906755
LCP1,20.4665
LDB1,22.21268
LEMD3,15.1036375
LENG1,19.902545
LENG8,24.296095
LIMD1,15.74251
LIMK1,23.42222
LIN37,16.809649999999998
LIN54,
LLGL2,21.966025
LMNB1;LMNB2,
LMTK2,20.83137
LNP,22.365605000000002
LNX1,15.295475
LOC93622,22.103715
LPIN2,16.79119
LPIN3,23.37979
LRBA,22.46195
LRCH1,21.73171
LRCH3,20.25998
LRCH4,20.888805
LRP2,21.288135
LRRC16A,22.543565
LRRC47,16.88677
LRRC58,19.95582
LRWD1,25.41773
LSG1,15.596644999999999
LSM12,22.797685
LSM14A,26.493885
LSR,21.660415
LTBP1,17.983415
LUC7L2,21.690565
LUC7L,
LUZP1,24.067790000000002
LYSMD1,20.291605
LYSMD2,21.7138
LYST,17.86701
LZTS2,18.490505
MACC1,18.78604
MACF1,19.859475
MAD1L1,
MAD2L1BP,21.445664999999998
MADD,23.154780000000002
MAFB,13.05989
MAFK,15.34266
MAGED2,16.66796
MAGI3,18.174895
MAGOH;MAGOHB,
MAML1,
MAP2K2,21.53253
MAP2K4,17.79062
MAP2,23.0076
MAP3K1,21.977125
MAP3K2,18.712715
MAP3K3,20.927585
MAP3K4,16.631104999999998
MAP3K9,19.85116
MAP4K2,24.74461
MAP4K5,24.96365
MAPK11,
MAPK1IP1L,21.64617
MAPK6,
MAPK7,
MAPK8IP3,22.510315
MAPKBP1,
MARK3,20.83648
MARS,
MAST3,
MAST4;MAST2,13.6424925
MASTL,21.07201
MAT2A,
MAVS,24.89999
MBD6,21.939880000000002
MBIP,23.0127
MBOAT7,
MCF2L,21.119925000000002
MCM3AP,19.453805
MCM3,24.50588
MCM4,24.94844
MCM6,19.476705
MCM9,21.445
MCMBP,24.148065000000003
MCRS1,24.161935
MCUR1,
MDN1,19.430475
MECP2,18.115409999999997
MED12,23.477615
MED13,25.061505
MED14,
MED24,20.10216
MED26,
MED8,21.743665
MEF2A,20.32042
MELK,21.605045
METTL10,22.03813
METTL13,18.161195
METTL22,24.797514999999997
METTL24,17.724825
METTL2B,
METTL3,
METTL6,21.35293
MEX3A,15.7720065
MEX3B,18.628325
MEX3D,23.822094999999997
MFF,20.200225
MFSD5,15.387225
MFSD6,24.399275000000003
MGA,13.8073205
MGEA5,16.359845
MGMT,22.034895
MIA3,18.510105000000003
MICALL2,22.087685
MID1IP1,21.174775
MID2,
MIER3,18.99759
MIIP,23.024825
MIOS,24.929715
MKL1,
MKNK1,23.24548
MLF2,25.799915000000002
MLLT10,24.57826
MLLT1,24.87431
MLXIPL,20.803485000000002
MMP20,20.49894
MOB1A;MOB1B,18.631965
MOCOS,21.704925
MOCS2,17.903935
MOCS3,24.30513
MON2,
MORC2,25.1633
MORC3,22.633095
MORC4,17.487545
MPDZ,21.777775
MPHOSPH10,21.089085
MPHOSPH8,15.757439999999999
MPHOSPH9,20.06692
MPLKIP,23.15086
MPP7,19.54887
MPRIP,22.518425
MSL1,23.73287
MSL3,24.7569
MSTO1,
MSX2,22.23939
MTA1,21.544340000000002
MTA2,
MTA3,23.650815
MTBP,19.321865
MTCL1,20.441525
MTFR1,19.512935
MTMR1,
MTSS1L,
MVB12A,23.40438
MVD,22.740544999999997
MVP,16.80018
MYCBP2,15.639925
MYEF2,24.49462
MYH14,20.66485
MYH9,24.282015
MYL12A;MYL12B;MYL9,20.381345
MYO10,21.731505
MYO1C,23.78226
MYO9A,23.012439999999998
MYRIP,
MYSM1,
N4BP1,26.4628
N4BP3,17.34225
NAA15,16.7665
NAB2,24.324235
NACA,15.49058
NADK,23.98496
NAF1,24.014625000000002
NAGK,24.59001
NANS,25.29287
NAP1L1,
NAPRT,18.985875
NARF,13.9808775
NAT10,21.105710000000002
NAT6,
NAV1,
NAV2,22.46785
NBAS,16.263545
NBEA,
NBPF19;NBPF15;NBPF10;NBPF8;NBPF12;NBPF9;NBPF26;NBPF14;NBPF20,13.6841625
NCAPD2,16.041040000000002
NCAPD3,17.20412
NCAPG,22.26941
NCAPH2,24.24016
NCK1,21.668010000000002
NCK2,19.02217
NCKIPSD,
NCOA2,23.918965
NCOA7,
NCOR1,
NCOR2,16.10251
NDC80,21.82611
NDE1,23.548035
NDEL1,21.3842
NEDD1,21.27634
NEDD4,13.3459945
NEFM,15.305530000000001
NEK1,24.778889999999997
NEK4,22.727895
NEK9,21.307695
NELFB,17.79301
NEMF,22.53069
NEURL4,24.604350000000004
NF1,20.413175
NF2,23.82294
NFATC4,19.720265
NFIL3,22.360860000000002
NFIX,
NFKBIE,18.407475
NFKBIL1,16.91727
NFRKB,20.287995000000002
NGDN,21.18655
NGRN,18.978915
NHP2L1,20.757215000000002
NIPBL,24.78995
NISCH,21.209795
NKAP,24.422885
NKTR,25.69164
NLRP2,18.568795
NME2;NME2P1,22.985595
NMNAT1,20.829985
NMT1,26.95822
NMT2,25.153055000000002
NOB1,16.878790000000002
NOL3,15.742975
NOL4L,
NOL8,23.53749
NOL9,
NOLC1,24.463904999999997
NONO,19.45527
NOP14,19.267815
NOP2,14.992143
NOP58,24.879689999999997
NOSIP,
NOTCH3,17.55768
NOVA1,
NPDC1,24.79337
NPM1,18.23508
NPY1R,23.141730000000003
NQO1,20.639345
NR2C1,16.145305
NR2C2,19.08272
NR2F6,12.556920000000002
NRBP2,20.460214999999998
NRD1,24.21756
NRK,21.591805
NRSN2,16.99725
NSD1,23.99325
NSFL1C,26.10188
NSL1,21.689805
NSMCE2,19.02292
NSRP1,23.50082
NSUN2,25.22795
NSUN5P2;NSUN5,23.39866
NSUN5,20.4943
NT5C2,23.17655
NT5C,22.27509
NTHL1,22.9377
NUCB2,14.692001999999999
NUDC,24.48072
NUDT9,19.138279999999998
NUF2,27.701905
NUFIP2,22.85362
NUMB,20.606675
NUP133,
NUP155,24.807555
NUP160,19.735015
NUP188,21.186420000000002
NUP205,18.748874999999998
NUP50,21.423495
NUP54,23.218785
NUP88,18.87882
NUP93,21.254675
NUPL2,19.46576
NUPR1,24.177235
O14936-5,18.9097
O15519-6,
OCIAD1,24.6756
OIP5,
OR52L2P,21.573185000000002
ORC2,22.63542
OSBP2,20.224619999999998
OSBPL10,22.352775
OSBPL5,
OSBPL8,13.745303
OTUB1,
OTUD3,19.26818
OTUD5,22.36451
OTUD7B,22.57083
OXR1,14.488503
OXSR1,15.180285
P25325-2,26.148184999999998
PA2G4,21.017235
PABPC1;PABPC3,
PABPN1,
PACS1,20.0518
PACS2,17.034019999999998
PACSIN1,11.787019
PAGR1,22.352204999999998
PAIP1,20.939255
PAK1IP1,20.47885
PAK1,21.82967
PAK2,27.539880000000004
PAK4,25.050040000000003
PAK6;PAK7,18.911025
PALB2,
PALLD,20.89961
PAN2,23.321935
PANK1,17.74199
PAPOLA,21.08885
PARD3B,23.250175
PARD6A,16.46075
PARD6B,23.12906
PARG,
PARP2,20.285725
PAXBP1,23.541895
PBDC1,28.46619
PCBP1,21.757285
PCDHA4,16.954974999999997
PCF11,23.292365
PCIF1,
PCNP,19.737445
PCNT,16.94999
PCNXL3,
PCYT1A,25.30715
PDE3B,22.370525
PDE4DIP,
PDHA1,
PDLIM3,
PDLIM4,21.77238
PDLIM5,15.417365
PDS5A,23.373175
PDXDC1;PDXDC2P,16.64051
PDXDC1,21.963729999999998
PDZD2,22.728405000000002
PEA15,28.02841
PEAK1,20.272155
PEBP1,25.52205
PELO,23.550945
PELP1,
PER2,23.453075
PEX11G,20.557055
PEX14,
PEX1,20.7513
PFKP,24.375915
PFN1,
PGK1,25.555709999999998
PGM1,20.588025000000002
PGM2L1,22.80269
PGM3,26.428825000000003
PHACTR2,
PHACTR4,24.11946
PHAX,23.131995
PHB2,25.911015
PHC3,21.88515
PHF12,23.32059
PHF20,23.049505
PHF23,
PHF2,
PHF3,25.756355
PHIP,23.978704999999998
PHKA2,17.89695
PHLDA2,17.37213
PHLDB1,
PHLDB3,23.236695
PHLPP1,20.69462
PHRF1,22.601395
PI4K2B,21.133265
PI4KA,22.812675
PIAS1,19.37522
PIAS2,20.6538
PIK3C2B,22.06476
PIKFYVE,
PIP4K2B,16.515145
PIP5K1B,11.914752
PITPNC1,23.98705
PITPNM1,18.349415
PJA1,22.865165
PJA2,13.851788500000001
PKM,20.589835
PKN1,15.487995000000002
PKP4;CTNND2,24.874474999999997
PLCB4,19.55095
PLCG1,21.634265
PLEKHA5,20.09257
PLEKHA7,21.66139
PLEKHA8,
PLEKHF1,22.451035
PLEKHM1,22.089755
PLEKHM2,15.298910000000001
PLEKHN1,20.77684
PLIN3,21.24623
PML,24.888215000000002
PMS2CL,19.34618
PMS2,23.546985
PNKP,23.942775
PNMT,16.42109
PNPLA2,22.387175
PNPO,19.23708
POGZ,24.48464
POLA1,24.68493
POLD3,28.13895
POLI,20.75285
POLM,21.07548
POLR1A,23.884995
POLR2A,22.265875
POLR2M,23.5833
POLR3C,23.64225
POLR3E,16.45422
POM121B;POM121;POM121C,21.72366
POP1,
POU2F1,23.328834999999998
PPA2,23.30868
PPAN,24.951905
PPFIBP1,25.680855
PPIAL4E;PPIAL4A;PPIAL4D;PPIAL4C;PPIA,
PPIG,23.669005
PPIL4,20.977105
PPIP5K1,22.216425
PPM1G,17.922475000000002
PPM1H,26.07346
PPM1J,17.68884
PPME1,22.911095
PPP1R12C,21.664025
PPP1R14B,20.423605
PPP1R15B,22.999065
PPP1R18,24.604715
PPP1R35,20.22226
PPP1R37,19.968609999999998
PPP1R3D,22.900595
PPP1R3F,16.609875
PPP1R9B,24.31284
PPP2R3A,19.40111
PPP2R5D,24.44949
PPP3CA,23.590600000000002
PPP3CB,
PPP4R2,22.612925
PPP6R3,22.511200000000002
PQBP1,
PRC1,25.691229999999997
PRCC,21.156805
PRDM16,15.74728
PRDM2,24.021594999999998
PRDX1,21.404899999999998
PRDX6,22.566245000000002
PRICKLE2,20.263595000000002
PRIMPOL,17.11582
PRKAB1,
PRKAB2,16.651805
PRKACB,
PRKAR1A,22.48
PRKAR1B,17.74784
PRKAR2A,18.588675
PRKAR2B,20.741295
PRKCD,19.850605
PRKCH,
PRKD1,20.224695
PRKD3,14.258459499999999
PRKDC,20.719614999999997
PRKRA,28.097975
PRKRIR,
PRLR,23.781685000000003
PRMT3,14.201637
PRMT6,16.23247
PROM2,20.4908
PROSER1,24.188665
PRPF38A,19.545605000000002
PRPF38B,22.82994
PRPF3,27.482705
PRPF40A,17.10696
PRPF40B,20.931835
PRPSAP1,24.549135
PRPSAP2,24.29444
PRR14L,17.570745
PRR5,21.79917
PRRT3,21.63292
PRUNE2,22.59701
PSD2,26.13345
PSD4,
PSIP1,23.087605
PSMA1,19.28618
PSMA3,24.19036
PSMA5,21.633589999999998
PSMB5,19.16947
PSMD11,24.481614999999998
PSMD1,14.9676
PSMD2,24.116895
PSPC1,24.224485
PSRC1,18.409325
PTGR2,
PTK2B,20.570985
PTK2,17.954
PTK6,
PTMS,23.592765
PTOV1,26.15336
PTPDC1,24.919175000000003
PTPN11,18.36349
PTPN13,20.96766
PTPN14,18.943055
PTPN1,21.943640000000002
PTPN21,
PTPN2,23.66852
PTPN3,22.58643
PTPRN2,23.867225
PTTG2;PTTG1,23.934295
PUS1,16.78761
PUS7L,19.3799
PWP1,18.296785
PWWP2A,
PWWP2B,
Q12791-5,20.23223
Q15170-2,25.231659999999998
Q5H9F3-3,20.392780000000002
Q68DA7-3,22.50525
Q6ZSR9,17.774945
Q8N2F6-6,14.4436875
Q8N3X6-3,17.995145
Q96FF7,22.73893
Q96N96-6,24.127865
Q9BSW2-2,17.969095
Q9UPE1-2,
Q9Y6E0-2,22.68242
Q9Y6Q5-2,21.48406
QSER1,18.299985
R3HCC1,20.701615
R3HDM1;R3HDM2,18.244775
R3HDM1,24.121595
R3HDM2,
RAB12,24.14139
RAB3IL1,23.111620000000002
RAB6A,24.60439
RABEP1,20.84722
RABGAP1L,19.39842
RABGEF1,23.986625
RACGAP1,20.818255
RAD18,21.777875
RAD23A,17.648355
RAD23B,23.45361
RAD50,20.656705
RAE1,
RAF1,
RAI1,24.27272
RALBP1,26.33138
RALGAPA1,24.534264999999998
RALGAPA2,21.01078
RALGPS2,
RALY,27.72904
RANBP1,24.29571
RANBP2;RGPD4,23.39215
RANBP9,23.488149999999997
RAPGEF1,23.00261
RAPGEF2,21.162625
RAVER1,22.90112
RB1,25.993920000000003
RBBP4,
RBBP5,23.75496
RBBP8,12.230823000000001
RBM12B,23.248725
RBM12,24.123260000000002
RBM15,26.78223
RBM20,21.87453
RBM23,15.8876
RBM26,22.25947
RBM27,19.98277
RBM33,25.507695000000002
RBM39,25.096535
RBM47,23.152
RBM4B,
RBM4,26.01997
RBM5,20.80749
RBM6,26.580994999999998
RBM8A,25.23696
RBMX;RBMXL1,22.81164
RBMX2,24.20214
RBMXL1,24.559305000000002
RBMXL2;RBMX;RBMXL3;RBMXL1,19.87942
RBMX,28.274075000000003
RBSN,21.36395
RC3H2,
RCAN3;RCAN1,20.946525
RCC1,27.026625
RCOR1,21.877585
RCOR2,24.112605
RCOR3,
RECQL4,23.916595
RECQL5,21.558619999999998
REEP1,22.63269
REEP4,25.23919
RELB,16.318089999999998
REPS2,25.435200000000002
RER1,21.238205
REST,
REV1,
REXO1,18.69839
REXO4,
RFC1,22.46909
RFFL,15.09684
RGL2,19.723605
RGPD1;RANBP2;RGPD4;RGPD3;RGPD2,15.560894999999999
RGPD1,25.353804999999998
RGPD5;RGPD8;RANBP2;RGPD4;RGPD3;RGPD2,25.83796
RGPD5;RGPD8;RGPD1;RANBP2;RGPD4;RGPD3;RGPD2,21.279854999999998
RGS12,17.736335
RGS3,23.593425
RHBDF1,23.19183
RHPN2;RHPN2P1,22.643355
RIC8A,23.333905
RILPL1,
RIMS3,
RIN2,24.161315000000002
RING1,
RIOK1,17.45523
RIOK2,15.71473
RIPK2,21.489605
RMDN3,19.246455
RNF113A,13.851603
RNF123,22.838715
RNF169,
RNF20,17.62286
RNF213,19.255139999999997
RNF214,22.93117
RNF216,22.804315000000003
RNF219,21.94479
RNF31,20.054305
RNF34,20.40341
RNH1,14.716159000000001
RNMT,22.20362
RNPC3,24.032745000000002
RNPS1,20.406555
RPA1,24.232084999999998
RPAP1,14.652507
RPAP2,20.456075
RPAP3,19.608130000000003
RPGR,21.654005
RPL12,
RPL13,24.85519
RPL18A,21.271545
RPL18,
RPL30,23.6191
RPL31,17.301305
RPLP2,
RPP30,23.5229
RPP38,23.91861
RPRD1A,19.413805
RPRD1B,
RPS10;RPS10P5,23.18279
RPS27A;UBA52;UBB;UBC,23.036135
RPS27,27.958009999999998
RPS2,21.851275
RPS3,22.694145
RPS6KA3;RPS6KA1;RPS6KA6,18.04474
RPS6KA3,
RPS6KC1,17.84547
RPS8,18.205975
RPUSD2,24.063585000000003
RRAGC,14.364367
RRBP1,18.884225
RREB1,22.45417
RRM2B,20.28858
RRM2,20.63295
RRN3,
RRP12,14.3291835
RRP36,25.99525
RRP8,19.65736
RSF1,21.972749999999998
RSRC2,25.88363
RTEL1,20.5671
RTN4,22.09362
RWDD2B,15.126259999999998
RYBP,
SAC3D1,16.42887
SAE1,19.90682
SAFB,12.2876125
SAMD1,21.201819999999998
SAP130,22.563295
SAP30BP,24.910545
SAPCD2,
SAR1A,24.65007
SARG,23.8469
SART3,
SBNO1,24.170450000000002
SCAF4,21.48887
SCAF8,23.919445
SCAMP3,26.58195
SCAP,20.4434
SCFD1,25.427934999999998
SCML2,
SCRIB;LRRC1,17.466794999999998
SCRN2,19.780099999999997
SCYL1,20.799415
SCYL2,
SCYL3,
SDAD1,26.176665
SDCCAG3,17.98052
SDCCAG8,18.491355
SDE2,23.268735
SEC23IP,22.356785000000002
SEC24B,23.110395
SEC31A,21.87738
SENP1,
SENP2,16.938545
SENP5,14.288205000000001
SENP6,
SENP7,21.776545
SEPSECS,14.924178000000001
SERBP1,24.647295
SERPINB6,17.94981
SETD1A,
SETD1B,21.05789
SETD2,20.091324999999998
SETD8,
SETDB1,24.94735
SET,24.965235
SF1,25.415010000000002
SF3A1,25.182429999999997
SFPQ,26.35364
SFSWAP,25.087744999999998
SGPP1,21.04448
SGTA,22.253505
SH2B1,21.256285
SH2D3A,24.741835000000002
SH2D4A,22.942775
SH2D5,
SH3BP2,13.361998999999999
SH3BP4,13.7446295
SH3BP5L,20.887445
SH3KBP1,21.53173
SH3PXD2A,
SH3RF1,
SHARPIN,22.0745
SHB,22.68843
SHC1,16.56915
SHCBP1,17.882325
SHROOM2;SHROOM3,27.384864999999998
SHROOM2,
SIK2,21.467565
SIK3,20.43353
SIPA1L1,18.301000000000002
SIPA1L2,
SIRT1,16.964615000000002
SKA2,25.249940000000002
SKI,21.20376
SKIV2L,23.303625
SKP1,21.299235
SLBP,23.466965
SLC12A4,
SLC12A6,15.89058
SLC17A7,
SLC1A5,22.935814999999998
SLC20A1,25.472389999999997
SLC26A6,23.071395
SLC29A2,17.2205
SLC35B2,26.627885
SLC35C2,23.134965
SLC38A1,24.897904999999998
SLC4A1AP,
SLC6A14,20.906295
SLC7A6OS,21.739525
SLC9A1,25.803595
SLIRP,23.759875
SLMAP,20.44774
SLTM,26.993470000000002
SLU7,26.196039999999996
SLX4IP,23.557805000000002
SLX4,
SMAD2,
SMAD5;SMAD1,
SMAP2,22.70495
SMAP,23.92657
SMARCA2,18.210250000000002
SMARCA5,18.209335
SMARCAD1,14.332424
SMARCC2,25.376145
SMC3,
SMC5,
SMEK1,18.290785
SMEK2,16.83076
SMG1,
SMG5,21.887595
SMG6,17.23693
SMG8,22.441175
SMN1,21.152525
SNAP23,18.83952
SNAP29,21.63431
SNAPC4,
SNAPIN,23.35262
SND1,20.539565
SNIP1,26.29673
SNRK,
SNRNP200,24.755965000000003
SNRNP70,26.058519999999998
SNRPA1,22.278779999999998
SNRPD2,23.886375
SNTA1,18.395955
SNTB2,24.522220000000004
SNW1,
SNX12,23.66239
SNX15,21.874405
SNX29;SNX29P2,13.4742765
SNX29,19.37892
SNX3,21.256790000000002
SOCS6,
SOGA1,
SOHLH1,22.111305
SORBS1,24.177735
SORBS3,21.213385000000002
SOS1,17.773585
SOS2,14.564544
SOWAHA,21.24337
SOWAHB,19.334670000000003
SOWAHC,23.988945
SOX11,24.054525
SOX15,24.666655
SOX6,23.93412
SP110,20.18733
SP3,13.9507265
SPAST,
SPATA2,17.6153
SPECC1,22.76473
SPEN,24.241425
SPIDR,18.439685
SPIRE1,23.600245
SPR,19.519640000000003
SPRY4,
SPTAN1,21.068459999999998
SPTBN1,26.342545
SPTBN2,
SQSTM1,20.84121
SRCAP,22.05584
SREBF2,19.654435
SRFBP1,23.33549
SRF,23.592125
SRGAP1,24.11084
SRP72,21.81341
SRPK1,23.532725
SRRM1,20.91152
SRRT,23.39012
SRSF10,24.677680000000002
SRSF11,23.05582
SRSF2,28.713594999999998
SRSF3,25.621869999999998
SRSF4,22.50265
SRSF5,23.74484
SRSF6,29.362175
SRSF8,21.71082
SRSF9,22.996395
SSBP3,20.277795
SSBP4,
SSB,26.90375
SSFA2,14.266532999999999
SSH2,23.71747
SSRP1,23.736925
SSX2IP,18.862715
ST6GALNAC1,21.565714999999997
STAC2,22.96011
STAG2,16.20795
STARD10,22.795135000000002
STARD13,25.211655
STARD3NL,21.02378
STAT1,18.20294
STAT3,17.052225
STAU1,26.380364999999998
STAU2,
STIM1,
STK10,
STK11IP,23.107365
STK11,25.26753
STK32C,
STK3,24.817785
STMN1;STMN2,26.47211
STRADA,23.09768
STRIP1,22.716884999999998
STRN,17.00902
STT3B,23.98066
STUB1,27.63428
STXBP5,22.94379
SUB1,24.414720000000003
SUGP1,20.22946
SULT2B1,
SUMO1,
SUN1,22.149675
SUPT16H,22.22948
SUPT6H,26.21759
SUPT7L,21.01631
SUPV3L1,
SURF2,19.38177
SURF6,27.694435000000002
SUV39H1,21.47755
SUZ12,17.968665
SYAP1,15.1183
SYBU,18.046
SYMPK,21.551454999999997
SYNE1,22.68641
SYNE2,23.338675
SYNJ1,21.27147
SYT7,
SYTL1,13.1917125
SYTL5,20.05887
SZRD1,20.0346
SZT2,12.4882315
TAB2,14.372045
TACC1,
TACC3,19.073574999999998
TAF10,17.34156
TAF12,26.873599999999996
TAF2,24.412105
TAF3,22.638475
TAF6,
TAF7,
TAF8,17.47341
TAGLN2,24.582864999999998
TANC2,21.33069
TAOK1,20.910185
TAOK2,15.73856
TAOK3,22.4042
TARS,22.280145
TAX1BP1,19.69408
TAX1BP3,19.271625
TBC1D10A,
TBC1D10B,25.234070000000003
TBC1D14,
TBC1D16,
TBC1D22B,
TBC1D24,23.568179999999998
TBC1D25,25.025979999999997
TBC1D2B,24.01753
TBC1D2,
TBC1D30,23.612645
TBCC,16.096085000000002
TBCK,17.631115
TBKBP1,19.89515
TBL1X,20.020045
TBRG4,23.98917
TCEA1,28.142855
TCEAL3;TCEAL6;TCEAL5,18.6669
TCEAL3,22.376975
TCEAL4,
TCF20,21.918545
TCF3,22.746885
TELO2,16.2589
TERF2IP,21.45545
TERF2,20.46497
TESK1,20.820055
TET2,18.22604
TET3,
TFAP2A;TFAP2E;TFAP2C;TFAP2B,20.988645
TFAP2C,23.61135
TFAP4,24.620975
TFDP1,24.92246
TFDP2,23.627795
TFG,
TFIP11,13.9208465
TFPT,20.141215000000003
TGS1,17.796945
THOC1,21.35038
THOC2,24.662395000000004
THOC5,16.74419
THRA,22.207475000000002
THUMPD1,17.204884999999997
TIAM1,
TICRR,
TIMELESS,
TJAP1,23.963124999999998
TKT,17.70678
TLE1,20.128325
TLE2,
TLK1,17.2173
TLN2,22.605520000000002
TMBIM1,
TMCC1,24.777365
TMCC3;TMCC2,25.61626
TMCC3,
TMEM11,23.02366
TMEM132A,18.757395
TMEM184C,16.72017
TMEM192,20.533075
TMEM230,20.461434999999998
TMEM238,21.250515
TMEM40,22.15975
TMEM87A,
TMOD3,22.553314999999998
TMSB4X,24.18712
TMX1,23.483095
TMX2,18.622935
TNC,17.26622
TNFRSF21,
TNIK,
TNK2,17.542605000000002
TNRC18;BAHCC1,24.56657
TNRC6C,
TNS1,24.488465
TNS2,21.255145
TOB1,19.06579
TOB2,22.38525
TOE1,19.011805000000003
TOM1L1,15.864885000000001
TOMM22,16.86503
TOMM34,26.937649999999998
TONSL,23.744325
TOP1,
TOP2A,24.486245
TOPORS,22.38223
TP53BP2,24.662734999999998
TP53,20.85572
TP53RK,
TPD52,24.62585
TPI1,
TPM1,24.56576
TPPP,23.839895
TPRN,24.084089999999996
TRA2B,22.618940000000002
TRAF4,23.866239999999998
TRAFD1,25.895629999999997
TRAM1,24.583475
TRAPPC12,22.826185
TRAPPC5,19.049075
TRAPPC8,
TRAPPC9,23.102145
TRERF1,24.319540000000003
TRIM11,22.064745000000002
TRIM16,16.830355
TRIM24,23.486240000000002
TRIM25,26.114945
TRIM3,28.856115
TRIM8,
TRIOBP,19.189435
TRIO,23.43291
TRIP10,24.273945
TRIP12,22.769385
TRIT1,24.022745
TRMT10A,22.947585
TRMT112,13.57928
TRMT1,22.18708
TRMT2A,14.281992500000001
TRPM3,
TRPT1,24.603320000000004
TRRAP,23.76397
TSC22D2,16.379379999999998
TSHZ1,
TSNAX,21.934975
TSR3,14.323757
TSSC4,22.98089
TTC28,14.921465
TTC33,26.259915
TTC4,20.47344
TTC7A,22.589235000000002
TTC9,20.24864
TTI1,15.39494
TTLL12,
TTYH3,
TUBA1B;TUBA1A;TUBA3C;TUBA3E;TUBA1C,17.53323
TUBA1B;TUBA4A,22.12171
TUBB;TUBB2B;TUBB2A;TUBB6;TUBB4B;TUBB4A;TUBB8,
TWF1,17.074385
TWISTNB,21.73221
TXLNA,16.42503
TXNL1,21.02726
TYK2,21.604125
UBA1,26.5616
UBA2,13.8568995
UBA5,
UBAC1,
UBAP1,17.850340000000003
UBE2J1,22.06239
UBE2O,20.529715
UBE2V1,19.82932
UBE3A,22.14688
UBE4B,
UBL4A,18.685200000000002
UBL7,24.2912
UBN1,21.6602
UBN2,24.103155
UBR4,24.282740000000004
UBXN6,21.24907
UBXN7,
UCHL3,23.04126
UCKL1,
UFD1L,22.030355
UFL1,21.908845
UHRF1BP1L,23.746035
UHRF1BP1,18.58436
UHRF2,24.027034999999998
UNC13B,22.590275
UNG,19.62988
UPF1,21.70198
UPF2,20.887855000000002
USF2;USF1,24.920430000000003
USO1,22.658565
USP14,25.768919999999998
USP15,22.89228
USP16,25.30385
USP19,
USP1,24.284245
USP20,20.051645
USP28,21.782600000000002
USP38,19.9133
USP39,26.469765000000002
USP42,23.78942
USP6NL,23.20456
USP7,
USP8,24.785185000000002
USP9X,19.02361
UTP14A,
UTP18,22.367905
UTP20,14.067352
UTP3,13.8032105
VAV2,23.98838
VCL,22.932215
VCP,20.009435
VDAC1,21.39362
VDAC2,20.31229
VGLL4,24.763244999999998
VIPAS39,22.051270000000002
VPRBP,18.631925
VPS11,20.79281
VPS13B,16.517605
VPS13C,21.461415
VPS13D,25.196035000000002
VPS33B,
VPS4A,23.924255000000002
VPS4B,26.844839999999998
VPS72,19.35153
VPS8,21.4449
VPS9D1,13.5982445
VRK3,22.953470000000003
WAC,24.604734999999998
WAPAL,26.246245000000002
WASL,19.307225
WBP1,19.119695
WDFY3,22.753140000000002
WDR26,24.28816
WDR3,
WDR44,23.48526
WDR4,26.4521
WDR55,22.266525
WDR62,21.053269999999998
WDR77,24.756055
WDR7,15.627045
WDR90,20.19703
WDTC1,25.403669999999998
WEE1,15.90627
WFS1,21.587205
WHAMM,17.66329
WIPI2,25.93416
WNK2,
WRN,
WTAP,19.871195
WWC1,16.345135
WWP2,24.067905000000003
XBP1,22.495945
XPC,22.978755
XPO4,23.796415
XRCC1,13.604804999999999
XRCC6,24.47018
YBX1,24.84364
YBX2,
YIPF6,
YLPM1,20.280829999999998
YRDC,21.903325
YTHDC1,21.042650000000002
YTHDF2,21.065875
YWHAE,18.04859
YWHAQ;YWHAB;SFN;YWHAG;YWHAE;YWHAZ;YWHAH,
YWHAQ,14.8994705
YWHAZ,18.84069
YY1AP1,23.521325
YY1,23.58748
ZAK,22.490009999999998
ZBED6,
ZBTB10,18.716305
ZBTB3,
ZBTB44,
ZBTB7A,23.152635
ZBTB7C,21.188209999999998
ZC2HC1A,23.87731
ZC3H12A,19.02657
ZC3H14,25.540965
ZC3H15,
ZC3H7A,21.11587
ZC3H8,19.7558
ZC3HC1,26.89581
ZCCHC2,23.17621
ZFAND3,21.5126
ZFAND5,18.07281
ZFP36L2,20.125915
ZFP91,24.088990000000003
ZFPM1,23.88758
ZFR,28.484050000000003
ZFYVE19,26.540705000000003
ZHX2,18.117955000000002
ZHX3,18.15298
ZKSCAN1,23.526315
ZMYM3,24.3059
ZMYM4,21.16038
ZNF148,20.38248
ZNF219,
ZNF250,
ZNF280C,21.913615
ZNF280D,18.138535
ZNF318,24.535145
ZNF330,25.432
ZNF335,21.024615
ZNF358,21.36732
ZNF367,16.99794
ZNF385A,20.021905
ZNF385D,
ZNF395,
ZNF408,
ZNF428,22.453030000000002
ZNF451,20.76028
ZNF462,
ZNF496,
ZNF507,20.823925
ZNF518A,
ZNF532,23.841845
ZNF574,16.59394
ZNF592,23.615265
ZNF600,19.900835
ZNF608,21.56381
ZNF618,15.93741
ZNF638,22.09497
ZNF639,
ZNF652,17.637439999999998
ZNF654,17.689805
ZNF687,26.416005
ZNF692,23.571215
ZNF703,
ZNF750,20.105845000000002
ZNF764,21.162475
ZNF777,
ZNF800,19.2465
ZNF827,
ZNF830,22.24088
ZNF84,17.45886
ZNHIT3,20.661355
ZNHIT6,23.90726
ZRANB2,28.53053
ZRANB3,17.529065
ZRSR2,22.202665
ZSCAN22,17.89369
ZSCAN29,18.505155
ZSWIM8,22.63973
ZYX,17.488815000000002
ZZEF1,21.630465
ZZZ3,23.838895
